{
    "1": {
        "FEED": {
            "TEMP": 57.5,
            "PRES": 1.7,
            "FLOW": {
                "ETHANOL": 10625.0,
                "AC-AC": 32500.0,
                "ETH-ACET": 0.0,
                "WATER": 212.5
            }
        },
        "PROD": {
            "TEMP": 75.0,
            "PRES": 1.01325,
            "FLOW": {
                "ETHANOL": 332606.272,
                "AC-AC": 1747213.33,
                "ETH-ACET": 300025.347,
                "WATER": 65175.0451
            }
        }
    },
    "2": {
        "FEED": {
            "TEMP": 57.5,
            "PRES": 1.7,
            "FLOW": {
                "ETHANOL": 10625.0,
                "AC-AC": 32500.0,
                "ETH-ACET": 0.0,
                "WATER": 212.5
            }
        },
        "PROD": {
            "TEMP": 75.0,
            "PRES": 1.01325,
            "FLOW": {
                "ETHANOL": 332606.272,
                "AC-AC": 1747213.33,
                "ETH-ACET": 300025.347,
                "WATER": 65175.0451
            }
        }
    },
    "3": {
        "FEED": {
            "TEMP": 57.5,
            "PRES": 1.7,
            "FLOW": {
                "ETHANOL": 10625.0,
                "AC-AC": 32500.0,
                "ETH-ACET": 0.0,
                "WATER": 212.5
            }
        },
        "PROD": {
            "TEMP": 75.0,
            "PRES": 1.01325,
            "FLOW": {
                "ETHANOL": 332606.272,
                "AC-AC": 1747213.33,
                "ETH-ACET": 300025.347,
                "WATER": 65175.0451
            }
        }
    }
}