{
    "1": {
        "FEED": {
            "TEMP": 70.916627548,
            "PRES": 1.1607535672,
            "FLOW": {
                "ETHANOL": 8258.7407962,
                "AC-AC": 19485.810946,
                "ETH-ACET": 0.0,
                "WATER": 160.70523214
            }
        },
        "PROD": {
            "TEMP": 57.502771,
            "PRES": 1.35767662,
            "FLOW": {
                "ETHANOL": 7186.65793,
                "AC-AC": 18413.7281,
                "ETH-ACET": 1072.08286,
                "WATER": 1232.7881
            }
        },
        "CSTR1": {
            "TEMP": 57.502771048,
            "PRES": 1.3399226463,
            "VOL": 80.951718092
        }
    },
    "2": {
        "FEED": {
            "TEMP": 68.467986468,
            "PRES": 0.87853948268,
            "FLOW": {
                "ETHANOL": 7699.4537619,
                "AC-AC": 39898.834017,
                "ETH-ACET": 0.0,
                "WATER": 165.58767191
            }
        },
        "PROD": {
            "TEMP": 67.5850183,
            "PRES": 1.59512157,
            "FLOW": {
                "ETHANOL": 5119.90246,
                "AC-AC": 37319.2827,
                "ETH-ACET": 2579.5513,
                "WATER": 2745.13897
            }
        },
        "CSTR1": {
            "TEMP": 67.585018344,
            "PRES": 1.5742625904,
            "VOL": 213.83934044
        }
    },
    "3": {
        "FEED": {
            "TEMP": 78.195027456,
            "PRES": 1.8013539307,
            "FLOW": {
                "ETHANOL": 10932.394397,
                "AC-AC": 35438.417232,
                "ETH-ACET": 0.0,
                "WATER": 149.89866797
            }
        },
        "PROD": {
            "TEMP": 70.2716613,
            "PRES": 1.38256642,
            "FLOW": {
                "ETHANOL": 7203.62731,
                "AC-AC": 31709.6501,
                "ETH-ACET": 3728.76709,
                "WATER": 3878.66576
            }
        },
        "CSTR1": {
            "TEMP": 70.271661299,
            "PRES": 1.364486966,
            "VOL": 213.18772148
        }
    },
    "4": {
        "FEED": {
            "TEMP": 62.164064513,
            "PRES": 0.89490880967,
            "FLOW": {
                "ETHANOL": 8543.5182594,
                "AC-AC": 37376.154892,
                "ETH-ACET": 0.0,
                "WATER": 114.44995502
            }
        },
        "PROD": {
            "TEMP": 66.8317055,
            "PRES": 1.43201958,
            "FLOW": {
                "ETHANOL": 5882.06612,
                "AC-AC": 34714.7028,
                "ETH-ACET": 2661.45214,
                "WATER": 2775.90209
            }
        },
        "CSTR1": {
            "TEMP": 66.831705541,
            "PRES": 1.4132934463,
            "VOL": 201.22018746
        }
    },
    "5": {
        "FEED": {
            "TEMP": 64.520736099,
            "PRES": 1.1925663329,
            "FLOW": {
                "ETHANOL": 9597.6933781,
                "AC-AC": 27281.734596,
                "ETH-ACET": 0.0,
                "WATER": 203.18419663
            }
        },
        "PROD": {
            "TEMP": 76.020002,
            "PRES": 1.9898152,
            "FLOW": {
                "ETHANOL": 6472.03378,
                "AC-AC": 24156.075,
                "ETH-ACET": 3125.65959,
                "WATER": 3328.84379
            }
        },
        "CSTR1": {
            "TEMP": 76.020001965,
            "PRES": 1.9637949197,
            "VOL": 119.77817944
        }
    },
    "6": {
        "FEED": {
            "TEMP": 69.580230457,
            "PRES": 0.88543871884,
            "FLOW": {
                "ETHANOL": 17504.2462,
                "AC-AC": 11084.191512,
                "ETH-ACET": 0.0,
                "WATER": 117.98528792
            }
        },
        "PROD": {
            "TEMP": 70.637329,
            "PRES": 1.56077391,
            "FLOW": {
                "ETHANOL": 14143.5929,
                "AC-AC": 7723.53822,
                "ETH-ACET": 3360.65329,
                "WATER": 3478.63858
            }
        },
        "CSTR1": {
            "TEMP": 70.637329024,
            "PRES": 1.5403640821,
            "VOL": 156.36051069
        }
    },
    "7": {
        "FEED": {
            "TEMP": 50.031657626,
            "PRES": 1.8792994554,
            "FLOW": {
                "ETHANOL": 12896.194964,
                "AC-AC": 28720.919373,
                "ETH-ACET": 0.0,
                "WATER": 111.98085495
            }
        },
        "PROD": {
            "TEMP": 77.6065232,
            "PRES": 1.59156465,
            "FLOW": {
                "ETHANOL": 9517.52432,
                "AC-AC": 25342.2487,
                "ETH-ACET": 3378.67064,
                "WATER": 3490.6515
            }
        },
        "CSTR1": {
            "TEMP": 77.606523185,
            "PRES": 1.5707521802,
            "VOL": 97.631024152
        }
    },
    "8": {
        "FEED": {
            "TEMP": 75.601714284,
            "PRES": 1.4633921679,
            "FLOW": {
                "ETHANOL": 11461.777246,
                "AC-AC": 22954.760644,
                "ETH-ACET": 0.0,
                "WATER": 169.93336796
            }
        },
        "PROD": {
            "TEMP": 67.3212409,
            "PRES": 1.65933849,
            "FLOW": {
                "ETHANOL": 9245.59236,
                "AC-AC": 20738.5758,
                "ETH-ACET": 2216.18489,
                "WATER": 2386.11826
            }
        },
        "CSTR1": {
            "TEMP": 67.321240894,
            "PRES": 1.6376397597,
            "VOL": 98.734032005
        }
    },
    "9": {
        "FEED": {
            "TEMP": 59.8781201,
            "PRES": 1.924226144,
            "FLOW": {
                "ETHANOL": 7577.3463735,
                "AC-AC": 26576.041207,
                "ETH-ACET": 0.0,
                "WATER": 187.53532822
            }
        },
        "PROD": {
            "TEMP": 58.5266601,
            "PRES": 1.02970727,
            "FLOW": {
                "ETHANOL": 6553.86534,
                "AC-AC": 25552.5602,
                "ETH-ACET": 1023.48103,
                "WATER": 1211.01636
            }
        },
        "CSTR1": {
            "TEMP": 58.526660115,
            "PRES": 1.0162420604,
            "VOL": 86.077111731
        }
    },
    "10": {
        "FEED": {
            "TEMP": 78.595479355,
            "PRES": 0.87650180718,
            "FLOW": {
                "ETHANOL": 16606.19936,
                "AC-AC": 16839.887568,
                "ETH-ACET": 0.0,
                "WATER": 178.12817756
            }
        },
        "PROD": {
            "TEMP": 65.5948042,
            "PRES": 1.10816199,
            "FLOW": {
                "ETHANOL": 12563.102,
                "AC-AC": 12796.7902,
                "ETH-ACET": 4043.09734,
                "WATER": 4221.22552
            }
        },
        "CSTR1": {
            "TEMP": 65.594804164,
            "PRES": 1.093670848,
            "VOL": 233.15038935
        }
    }
}