{
    "1": {
        "FEED": {
            "TEMP": 65.0,
            "PRES": 1.4,
            "FLOW": {
                "ETHANOL": 13750.0,
                "AC-AC": 25000.0,
                "ETH-ACET": 0.0,
                "WATER": 175.0
            }
        },
        "PROD": {
            "TEMP": 65.0,
            "PRES": 1.41855,
            "FLOW": {
                "ETHANOL": 10666.3296,
                "AC-AC": 21916.3296,
                "ETH-ACET": 3083.67038,
                "WATER": 3258.67038
            }
        },
        "CSTR1": {
            "TEMP": 65.0,
            "PRES": 1.4,
            "VOL": 165.0
        }
    },
    "2": {
        "FEED": {
            "TEMP": 72.5,
            "PRES": 1.1,
            "FLOW": {
                "ETHANOL": 16875.0,
                "AC-AC": 17500.0,
                "ETH-ACET": 0.0,
                "WATER": 137.5
            }
        },
        "PROD": {
            "TEMP": 72.5,
            "PRES": 1.114575,
            "FLOW": {
                "ETHANOL": 13348.2063,
                "AC-AC": 13973.2063,
                "ETH-ACET": 3526.79374,
                "WATER": 3664.29374
            }
        },
        "CSTR1": {
            "TEMP": 72.5,
            "PRES": 1.1,
            "VOL": 122.5
        }
    },
    "3": {
        "FEED": {
            "TEMP": 57.5,
            "PRES": 1.7,
            "FLOW": {
                "ETHANOL": 10625.0,
                "AC-AC": 32500.0,
                "ETH-ACET": 0.0,
                "WATER": 212.5
            }
        },
        "PROD": {
            "TEMP": 57.5,
            "PRES": 1.722525,
            "FLOW": {
                "ETHANOL": 8427.22827,
                "AC-AC": 30302.2283,
                "ETH-ACET": 2197.77173,
                "WATER": 2410.27173
            }
        },
        "CSTR1": {
            "TEMP": 57.5,
            "PRES": 1.7,
            "VOL": 207.5
        }
    }
}