{
    "1": {
        "FEED": {
            "TEMP": 62.880926614,
            "PRES": 1.028267845,
            "FLOW": {
                "ETHANOL": 15360.382462,
                "AC-AC": 20093.126744,
                "ETH-ACET": 0.0,
                "WATER": 128.00523826
            }
        },
        "PROD": {
            "TEMP": 56.1221363,
            "PRES": 1.68069502,
            "FLOW": {
                "ETHANOL": 13768.2171,
                "AC-AC": 18500.9613,
                "ETH-ACET": 1592.1654,
                "WATER": 1720.17064
            }
        },
        "CSTR1": {
            "TEMP": 56.122136327,
            "PRES": 1.6587170242,
            "VOL": 112.36221288
        }
    },
    "2": {
        "FEED": {
            "TEMP": 79.938273252,
            "PRES": 1.9258697355,
            "FLOW": {
                "ETHANOL": 12224.142411,
                "AC-AC": 22675.654801,
                "ETH-ACET": 0.0,
                "WATER": 224.49718875
            }
        },
        "PROD": {
            "TEMP": 57.793579,
            "PRES": 1.0241283,
            "FLOW": {
                "ETHANOL": 9979.71641,
                "AC-AC": 20431.2288,
                "ETH-ACET": 2244.426,
                "WATER": 2468.92319
            }
        },
        "CSTR1": {
            "TEMP": 57.793579021,
            "PRES": 1.01073605,
            "VOL": 172.79323441
        }
    },
    "3": {
        "FEED": {
            "TEMP": 63.313681514,
            "PRES": 1.0348322469,
            "FLOW": {
                "ETHANOL": 18578.266773,
                "AC-AC": 23948.046528,
                "ETH-ACET": 0.0,
                "WATER": 130.96866558
            }
        },
        "PROD": {
            "TEMP": 53.1484712,
            "PRES": 0.838707608,
            "FLOW": {
                "ETHANOL": 16162.8041,
                "AC-AC": 21532.5839,
                "ETH-ACET": 2415.46262,
                "WATER": 2546.43129
            }
        },
        "CSTR1": {
            "TEMP": 53.148471228,
            "PRES": 0.82774005211,
            "VOL": 217.50780829
        }
    },
    "4": {
        "FEED": {
            "TEMP": 51.183398467,
            "PRES": 1.0920683906,
            "FLOW": {
                "ETHANOL": 16677.055203,
                "AC-AC": 29953.814576,
                "ETH-ACET": 0.0,
                "WATER": 150.99663532
            }
        },
        "PROD": {
            "TEMP": 56.9795351,
            "PRES": 1.00823352,
            "FLOW": {
                "ETHANOL": 13726.1934,
                "AC-AC": 27002.9527,
                "ETH-ACET": 2950.86183,
                "WATER": 3101.85846
            }
        },
        "CSTR1": {
            "TEMP": 56.979535115,
            "PRES": 0.9950491224,
            "VOL": 234.2052442
        }
    },
    "5": {
        "FEED": {
            "TEMP": 77.744192316,
            "PRES": 1.1203390337,
            "FLOW": {
                "ETHANOL": 16919.719452,
                "AC-AC": 13406.65079,
                "ETH-ACET": 0.0,
                "WATER": 238.98044435
            }
        },
        "PROD": {
            "TEMP": 60.8992681,
            "PRES": 1.17194692,
            "FLOW": {
                "ETHANOL": 14079.1184,
                "AC-AC": 10566.0498,
                "ETH-ACET": 2840.60102,
                "WATER": 3079.58147
            }
        },
        "CSTR1": {
            "TEMP": 60.899268121,
            "PRES": 1.1566216793,
            "VOL": 191.65573398
        }
    },
    "6": {
        "FEED": {
            "TEMP": 59.622646481,
            "PRES": 1.867803649,
            "FLOW": {
                "ETHANOL": 14570.763565,
                "AC-AC": 12668.758342,
                "ETH-ACET": 0.0,
                "WATER": 103.77293011
            }
        },
        "PROD": {
            "TEMP": 64.7524532,
            "PRES": 1.80126959,
            "FLOW": {
                "ETHANOL": 11361.4261,
                "AC-AC": 9459.42085,
                "ETH-ACET": 3209.33749,
                "WATER": 3313.11042
            }
        },
        "CSTR1": {
            "TEMP": 64.75245317,
            "PRES": 1.7777148673,
            "VOL": 192.98410543
        }
    },
    "7": {
        "FEED": {
            "TEMP": 78.695532532,
            "PRES": 1.1894616199,
            "FLOW": {
                "ETHANOL": 9627.8613856,
                "AC-AC": 39154.164596,
                "ETH-ACET": 0.0,
                "WATER": 161.21038054
            }
        },
        "PROD": {
            "TEMP": 63.0739699,
            "PRES": 1.78035109,
            "FLOW": {
                "ETHANOL": 7876.96905,
                "AC-AC": 37403.2723,
                "ETH-ACET": 1750.89234,
                "WATER": 1912.10272
            }
        },
        "CSTR1": {
            "TEMP": 63.073969929,
            "PRES": 1.7570699114,
            "VOL": 128.80076954
        }
    },
    "8": {
        "FEED": {
            "TEMP": 57.740886426,
            "PRES": 1.9177477705,
            "FLOW": {
                "ETHANOL": 10571.618197,
                "AC-AC": 17627.628871,
                "ETH-ACET": 0.0,
                "WATER": 201.83396513
            }
        },
        "PROD": {
            "TEMP": 51.7865443,
            "PRES": 1.37416088,
            "FLOW": {
                "ETHANOL": 9557.2057,
                "AC-AC": 16613.2164,
                "ETH-ACET": 1014.4125,
                "WATER": 1216.24646
            }
        },
        "CSTR1": {
            "TEMP": 51.786544328,
            "PRES": 1.3561913405,
            "VOL": 95.636739847
        }
    },
    "9": {
        "FEED": {
            "TEMP": 56.263891011,
            "PRES": 0.98442207768,
            "FLOW": {
                "ETHANOL": 15715.693051,
                "AC-AC": 39585.642807,
                "ETH-ACET": 0.0,
                "WATER": 174.6158357
            }
        },
        "PROD": {
            "TEMP": 66.7114351,
            "PRES": 1.54759159,
            "FLOW": {
                "ETHANOL": 11871.4634,
                "AC-AC": 35741.4132,
                "ETH-ACET": 3844.22961,
                "WATER": 4018.84545
            }
        },
        "CSTR1": {
            "TEMP": 66.71143511,
            "PRES": 1.527354147,
            "VOL": 206.51378717
        }
    },
    "10": {
        "FEED": {
            "TEMP": 55.616583736,
            "PRES": 1.179928176,
            "FLOW": {
                "ETHANOL": 11894.548829,
                "AC-AC": 11883.093757,
                "ETH-ACET": 0.0,
                "WATER": 247.64828459
            }
        },
        "PROD": {
            "TEMP": 75.7684357,
            "PRES": 1.55448811,
            "FLOW": {
                "ETHANOL": 7760.77585,
                "AC-AC": 7749.32078,
                "ETH-ACET": 4133.77298,
                "WATER": 4381.42126
            }
        },
        "CSTR1": {
            "TEMP": 75.768435725,
            "PRES": 1.5341604811,
            "VOL": 190.46762443
        }
    }
}