{
    "1": {
        "FEED": {
            "TEMP": 65.0,
            "PRES": 1.4,
            "FLOW": {
                "ETHANOL": 13750.0,
                "AC-AC": 25000.0,
                "ETH-ACET": 0.0,
                "WATER": 175.0
            }
        },
        "PROD": {
            "TEMP": 65.0,
            "PRES": 1.41855,
            "FLOW": {
                "ETHANOL": 10666.3296,
                "AC-AC": 21916.3296,
                "ETH-ACET": 3083.67038,
                "WATER": 3258.67038
            }
        },
        "CSTR1": {
            "TEMP": 65.0,
            "PRES": 1.4,
            "VOL": 165.0
        }
    },
    "2": {
        "FEED": {
            "TEMP": 72.5,
            "PRES": 1.1,
            "FLOW": {
                "ETHANOL": 16875.0,
                "AC-AC": 17500.0,
                "ETH-ACET": 0.0,
                "WATER": 137.5
            }
        },
        "PROD": {
            "TEMP": 72.5,
            "PRES": 1.114575,
            "FLOW": {
                "ETHANOL": 13348.2063,
                "AC-AC": 13973.2063,
                "ETH-ACET": 3526.79374,
                "WATER": 3664.29374
            }
        },
        "CSTR1": {
            "TEMP": 72.5,
            "PRES": 1.1,
            "VOL": 122.5
        }
    },
    "3": {
        "FEED": {
            "TEMP": 57.5,
            "PRES": 1.7,
            "FLOW": {
                "ETHANOL": 10625.0,
                "AC-AC": 32500.0,
                "ETH-ACET": 0.0,
                "WATER": 212.5
            }
        },
        "PROD": {
            "TEMP": 57.5,
            "PRES": 1.722525,
            "FLOW": {
                "ETHANOL": 8427.22827,
                "AC-AC": 30302.2283,
                "ETH-ACET": 2197.77173,
                "WATER": 2410.27173
            }
        },
        "CSTR1": {
            "TEMP": 57.5,
            "PRES": 1.7,
            "VOL": 207.5
        }
    },
    "4": {
        "FEED": {
            "TEMP": 61.25,
            "PRES": 1.25,
            "FLOW": {
                "ETHANOL": 15312.5,
                "AC-AC": 13750.0,
                "ETH-ACET": 0.0,
                "WATER": 231.25
            }
        },
        "PROD": {
            "TEMP": 53.75,
            "PRES": 1.5705375,
            "FLOW": {
                "ETHANOL": 14058.5875,
                "AC-AC": 12496.0875,
                "ETH-ACET": 1253.91255,
                "WATER": 1485.16255
            }
        },
        "CSTR1": {
            "TEMP": 53.75,
            "PRES": 1.55,
            "VOL": 101.25
        }
    },
    "5": {
        "FEED": {
            "TEMP": 76.25,
            "PRES": 1.85,
            "FLOW": {
                "ETHANOL": 9062.5,
                "AC-AC": 28750.0,
                "ETH-ACET": 0.0,
                "WATER": 156.25
            }
        },
        "PROD": {
            "TEMP": 68.75,
            "PRES": 0.9625875,
            "FLOW": {
                "ETHANOL": 6024.26083,
                "AC-AC": 25711.7608,
                "ETH-ACET": 3038.23917,
                "WATER": 3194.48917
            }
        },
        "CSTR1": {
            "TEMP": 68.75,
            "PRES": 0.95,
            "VOL": 186.25
        }
    },
    "6": {
        "FEED": {
            "TEMP": 68.75,
            "PRES": 0.95,
            "FLOW": {
                "ETHANOL": 12187.5,
                "AC-AC": 21250.0,
                "ETH-ACET": 0.0,
                "WATER": 193.75
            }
        },
        "PROD": {
            "TEMP": 76.25,
            "PRES": 1.8745125,
            "FLOW": {
                "ETHANOL": 8149.89183,
                "AC-AC": 17212.3918,
                "ETH-ACET": 4037.60817,
                "WATER": 4231.35817
            }
        },
        "CSTR1": {
            "TEMP": 76.25,
            "PRES": 1.85,
            "VOL": 143.75
        }
    },
    "7": {
        "FEED": {
            "TEMP": 53.75,
            "PRES": 1.55,
            "FLOW": {
                "ETHANOL": 18437.5,
                "AC-AC": 36250.0,
                "ETH-ACET": 0.0,
                "WATER": 118.75
            }
        },
        "PROD": {
            "TEMP": 61.25,
            "PRES": 1.2665625,
            "FLOW": {
                "ETHANOL": 14855.7845,
                "AC-AC": 32668.2845,
                "ETH-ACET": 3581.71552,
                "WATER": 3700.46552
            }
        },
        "CSTR1": {
            "TEMP": 61.25,
            "PRES": 1.25,
            "VOL": 228.75
        }
    },
    "8": {
        "FEED": {
            "TEMP": 55.625,
            "PRES": 1.175,
            "FLOW": {
                "ETHANOL": 11406.25,
                "AC-AC": 30625.0,
                "ETH-ACET": 0.0,
                "WATER": 128.125
            }
        },
        "PROD": {
            "TEMP": 51.875,
            "PRES": 1.95050625,
            "FLOW": {
                "ETHANOL": 10355.9618,
                "AC-AC": 29574.7118,
                "ETH-ACET": 1050.28819,
                "WATER": 1178.41319
            }
        },
        "CSTR1": {
            "TEMP": 51.875,
            "PRES": 1.925,
            "VOL": 111.875
        }
    },
    "9": {
        "FEED": {
            "TEMP": 70.625,
            "PRES": 1.775,
            "FLOW": {
                "ETHANOL": 17656.25,
                "AC-AC": 15625.0,
                "ETH-ACET": 0.0,
                "WATER": 203.125
            }
        },
        "PROD": {
            "TEMP": 66.875,
            "PRES": 1.34255625,
            "FLOW": {
                "ETHANOL": 13859.9339,
                "AC-AC": 11828.6839,
                "ETH-ACET": 3796.31606,
                "WATER": 3999.44106
            }
        },
        "CSTR1": {
            "TEMP": 66.875,
            "PRES": 1.325,
            "VOL": 196.875
        }
    },
    "10": {
        "FEED": {
            "TEMP": 78.125,
            "PRES": 0.875,
            "FLOW": {
                "ETHANOL": 14531.25,
                "AC-AC": 38125.0,
                "ETH-ACET": 0.0,
                "WATER": 165.625
            }
        },
        "PROD": {
            "TEMP": 74.375,
            "PRES": 1.64653125,
            "FLOW": {
                "ETHANOL": 10422.7963,
                "AC-AC": 34016.5463,
                "ETH-ACET": 4108.45367,
                "WATER": 4274.07867
            }
        },
        "CSTR1": {
            "TEMP": 74.375,
            "PRES": 1.625,
            "VOL": 154.375
        }
    }
}